{
  "table": "users",
  "primaryKey": "id_user",
  "crud_mode": "ajax",
  "columns": [
    {
      "name": "id_user",
      "type": "hidden",
      "label": "ID",
      "col_md": 12
    },
    {
      "name": "username",
      "type": "text",
      "label": "Username",
      "required": true,
      "col_md": 6
    },
    {
      "name": "email",
      "type": "email",
      "label": "Email",
      "required": true,
      "col_md": 6
    },
    {
      "name": "password",
      "type": "password",
      "label": "Password",
      "required": true,
      "col_md": 6
    },
    {
      "name": "roleid",
      "type": "select",
      "label": "Role",
      "options": {
        "1": "Admin",
        "2": "User"
      },
      "required": true,
      "col_md": 6
    },
    {
      "name": "status",
      "type": "select",
      "label": "Status",
      "options": {
        "active": "Active",
        "inactive": "Inactive"
      },
      "required": true,
      "col_md": 6
    },
    {
      "name": "photo",
      "type": "file",
      "label": "Photo",
      "col_md": 6
    },
    {
      "name": "created_at",
      "type": "datetime",
      "label": "Created At",
      "readonly": true,
      "col_md": 6
    },
    {
      "name": "updated_at",
      "type": "datetime",
      "label": "Updated At",
      "readonly": true,
      "col_md": 6
    }
  ]
}